[
    {
      "id": 1,
      "ocupado": false,
      "nombre": ""
    },
    {
      "id": 2,
      "ocupado": false,
      "nombre": ""
    },
    {
      "id": 3,
      "ocupado": false,
      "nombre": ""
    },
    {
      "id": 4,
      "ocupado": false,
      "nombre": ""
    },
    {
      "id": 5,
      "ocupado": false,
      "nombre": ""
    },
    {
      "id": 6,
      "ocupado": false,
      "nombre": ""
    },
    {
      "id": 7,
      "ocupado": false,
      "nombre": ""
    },
    {
      "id": 8,
      "ocupado": false,
      "nombre": ""
    },
    {
      "id": 9,
      "ocupado": false,
      "nombre": ""
    },
    {
      "id": 10,
      "ocupado": false,
      "nombre": ""
    }
  ]
  