<!DOCTYPE hibernate-configuration PUBLIC
        "-//Hibernate/Hibernate Configuration DTD 3.0//EN"
        "http://hibernate.sourceforge.net/hibernate-configuration-3.0.dtd">
<hibernate-configuration>
    <session-factory>
        <!-- Database connection settings -->
        <property name="connection.driver_class">com.mysql.cj.jdbc.Driver</property>
        <property name="connection.url">jdbc:mysql://192.168.6.60:3306/ricardo</property>
        <property name="connection.username">ricardo</property>
     	<property name="connection.password">loveoracle</property>

        <!-- SQL dialect -->
        <property name="dialect">org.hibernate.dialect.MySQL8Dialect</property>

        <!-- Echo all executed SQL to stdout -->
        <property name="show_sql">true</property>

        <!-- Drop and re-create the database schema on startup -->
        <property name="hbm2ddl.auto">update</property>

        <!-- Mention the entity class here -->
        <mapping class="hb.ac.rjdc.Cliente"/>
    </session-factory>
</hibernate-configuration>
